Modèle,Accuracy,Macro-F1
Baseline Hue,0.5,0.4444444444444444
SVM-RGB,0.16666666666666666,0.2222222222222222
SVM-HSV,0.3333333333333333,0.19047619047619047
